{
    "total_solved": 100,
    "total_unsolved": 7,
    "total_timeouts": 0,
    "total_files": 107,
    "solved_files_percentage": 0.9345794392523364,
    "time_to_preprocess": 21.723017692565918,
    "time_to_pre_solve": 23.057747840881348,
    "time_to_zielonkas": 10.3298499584198,
    "incorrect_preprocessing": [],
    "unsolved": [
        "Pardatasize=2_infinitely_often_read_write.gm",
        "Pardatasize=4_infinitely_often_read_write.gm",
        "Pardatasize=8_infinitely_often_read_write.gm",
        "SWPdatasize=2_windowsize=1_infinitely_often_read_write.gm",
        "SWPdatasize=2_windowsize=2_infinitely_often_read_write.gm",
        "SWPdatasize=4_windowsize=1_infinitely_often_read_write.gm",
        "SWPdatasize=8_windowsize=1_infinitely_often_read_write.gm"
    ],
    "solved": [
        "Hanoindisks=10_eventually_done.gm",
        "Hanoindisks=8_eventually_done.gm",
        "Hanoindisks=9_eventually_done.gm",
        "Leadernparticipants=3_eventually-stable.gm",
        "Lift_(Correct)nlifts=2_liveness_1_1.gm",
        "Lift_(Correct)nlifts=2_liveness_1_2.gm",
        "Lift_(Correct)nlifts=2_liveness_2_1.gm",
        "Lift_(Correct)nlifts=2_liveness_2_2.gm",
        "Lift_(Correct)nlifts=2_nodeadlock.gm",
        "Lift_(Correct)nlifts=2_safety_1.gm",
        "Lift_(Correct)nlifts=2_safety_2_1.gm",
        "Lift_(Correct)nlifts=2_safety_2_2.gm",
        "Lift_(Correct)nlifts=3_liveness_1_1.gm",
        "Lift_(Correct)nlifts=3_liveness_1_2.gm",
        "Lift_(Correct)nlifts=3_liveness_2_1.gm",
        "Lift_(Correct)nlifts=3_liveness_2_2.gm",
        "Lift_(Correct)nlifts=3_nodeadlock.gm",
        "Lift_(Correct)nlifts=3_safety_1.gm",
        "Lift_(Correct)nlifts=3_safety_2_1.gm",
        "Lift_(Correct)nlifts=3_safety_2_2.gm",
        "Lift_(Correct)nlifts=4_nodeadlock.gm",
        "Lift_(Correct)nlifts=4_safety_1.gm",
        "Lift_(Correct)nlifts=4_safety_2_1.gm",
        "Lift_(Correct)nlifts=4_safety_2_2.gm",
        "Lift_(Incorrect)nlifts=2_liveness_1_1.gm",
        "Lift_(Incorrect)nlifts=2_liveness_1_2.gm",
        "Lift_(Incorrect)nlifts=2_liveness_2_1.gm",
        "Lift_(Incorrect)nlifts=2_liveness_2_2.gm",
        "Lift_(Incorrect)nlifts=2_nodeadlock.gm",
        "Lift_(Incorrect)nlifts=2_safety_1.gm",
        "Lift_(Incorrect)nlifts=2_safety_2_1.gm",
        "Lift_(Incorrect)nlifts=2_safety_2_2.gm",
        "Lift_(Incorrect)nlifts=3_liveness_2_1.gm",
        "Lift_(Incorrect)nlifts=3_liveness_2_2.gm",
        "Lift_(Incorrect)nlifts=3_safety_1.gm",
        "Lift_(Incorrect)nlifts=3_safety_2_1.gm",
        "Lift_(Incorrect)nlifts=3_safety_2_2.gm",
        "Pardatasize=2_infinitely_often_enabled_then_infinitely_often_taken.gm",
        "Pardatasize=2_infinitely_often_receive_d1.gm",
        "Pardatasize=2_infinitely_often_receive_for_all_d.gm",
        "Pardatasize=2_invariantly_infinitely_many_reachable_taus.gm",
        "Pardatasize=2_no_duplication_of_messages.gm",
        "Pardatasize=2_no_generation_of_messages.gm",
        "Pardatasize=2_nodeadlock.gm",
        "Pardatasize=2_read_then_eventually_send.gm",
        "Pardatasize=4_infinitely_often_enabled_then_infinitely_often_taken.gm",
        "Pardatasize=4_infinitely_often_receive_d1.gm",
        "Pardatasize=4_infinitely_often_receive_for_all_d.gm",
        "Pardatasize=4_invariantly_infinitely_many_reachable_taus.gm",
        "Pardatasize=4_no_duplication_of_messages.gm",
        "Pardatasize=4_no_generation_of_messages.gm",
        "Pardatasize=4_nodeadlock.gm",
        "Pardatasize=4_read_then_eventually_send.gm",
        "Pardatasize=8_infinitely_often_enabled_then_infinitely_often_taken.gm",
        "Pardatasize=8_infinitely_often_receive_d1.gm",
        "Pardatasize=8_infinitely_often_receive_for_all_d.gm",
        "Pardatasize=8_invariantly_infinitely_many_reachable_taus.gm",
        "Pardatasize=8_no_duplication_of_messages.gm",
        "Pardatasize=8_no_generation_of_messages.gm",
        "Pardatasize=8_nodeadlock.gm",
        "Pardatasize=8_read_then_eventually_send.gm",
        "SWPdatasize=2_windowsize=1_infinitely_often_enabled_then_infinitely_often_taken.gm",
        "SWPdatasize=2_windowsize=1_infinitely_often_lost.gm",
        "SWPdatasize=2_windowsize=1_infinitely_often_receive_d1.gm",
        "SWPdatasize=2_windowsize=1_infinitely_often_receive_for_all_d.gm",
        "SWPdatasize=2_windowsize=1_invariantly_infinitely_many_reachable_taus.gm",
        "SWPdatasize=2_windowsize=1_no_duplication_of_messages.gm",
        "SWPdatasize=2_windowsize=1_no_generation_of_messages.gm",
        "SWPdatasize=2_windowsize=1_nodeadlock.gm",
        "SWPdatasize=2_windowsize=1_read_then_eventually_send.gm",
        "SWPdatasize=2_windowsize=1_read_then_eventually_send_if_fair.gm",
        "SWPdatasize=2_windowsize=2_infinitely_often_lost.gm",
        "SWPdatasize=2_windowsize=2_infinitely_often_receive_d1.gm",
        "SWPdatasize=2_windowsize=2_infinitely_often_receive_for_all_d.gm",
        "SWPdatasize=2_windowsize=2_invariantly_infinitely_many_reachable_taus.gm",
        "SWPdatasize=2_windowsize=2_no_generation_of_messages.gm",
        "SWPdatasize=2_windowsize=2_nodeadlock.gm",
        "SWPdatasize=2_windowsize=2_read_then_eventually_send.gm",
        "SWPdatasize=2_windowsize=2_read_then_eventually_send_if_fair.gm",
        "SWPdatasize=2_windowsize=3_no_generation_of_messages.gm",
        "SWPdatasize=4_windowsize=1_infinitely_often_enabled_then_infinitely_often_taken.gm",
        "SWPdatasize=4_windowsize=1_infinitely_often_lost.gm",
        "SWPdatasize=4_windowsize=1_infinitely_often_receive_d1.gm",
        "SWPdatasize=4_windowsize=1_infinitely_often_receive_for_all_d.gm",
        "SWPdatasize=4_windowsize=1_invariantly_infinitely_many_reachable_taus.gm",
        "SWPdatasize=4_windowsize=1_no_duplication_of_messages.gm",
        "SWPdatasize=4_windowsize=1_no_generation_of_messages.gm",
        "SWPdatasize=4_windowsize=1_nodeadlock.gm",
        "SWPdatasize=4_windowsize=1_read_then_eventually_send.gm",
        "SWPdatasize=4_windowsize=1_read_then_eventually_send_if_fair.gm",
        "SWPdatasize=8_windowsize=1_infinitely_often_lost.gm",
        "SWPdatasize=8_windowsize=1_infinitely_often_receive_d1.gm",
        "SWPdatasize=8_windowsize=1_infinitely_often_receive_for_all_d.gm",
        "SWPdatasize=8_windowsize=1_invariantly_infinitely_many_reachable_taus.gm",
        "SWPdatasize=8_windowsize=1_no_generation_of_messages.gm",
        "SWPdatasize=8_windowsize=1_nodeadlock.gm",
        "SWPdatasize=8_windowsize=1_read_then_eventually_send.gm",
        "SWPdatasize=8_windowsize=1_read_then_eventually_send_if_fair.gm",
        "Snakewidth=4_height=4_black_has_winning_strategy.gm",
        "Snakewidth=4_height=4_white_has_winning_strategy.gm"
    ],
    "timedout": []
}