{
    "total_solved": 100,
    "total_unsolved": 7,
    "total_timeouts": 83,
    "total_files": 190,
    "solved_files_percentage": 0.5263157894736842,
    "time_to_preprocess": 6105.273956537247,
    "time_to_pre_solve": 6107.316348552704,
    "time_to_zielonkas": 10.844055414199829,
    "incorrect_preprocessing": [],
    "unsolved": [
        "Pardatasize=2_infinitely_often_read_write.gm",
        "Pardatasize=4_infinitely_often_read_write.gm",
        "Pardatasize=8_infinitely_often_read_write.gm",
        "SWPdatasize=2_windowsize=1_infinitely_often_read_write.gm",
        "SWPdatasize=2_windowsize=2_infinitely_often_read_write.gm",
        "SWPdatasize=4_windowsize=1_infinitely_often_read_write.gm",
        "SWPdatasize=8_windowsize=1_infinitely_often_read_write.gm"
    ],
    "solved": [
        "Hanoindisks=10_eventually_done.gm",
        "Hanoindisks=8_eventually_done.gm",
        "Hanoindisks=9_eventually_done.gm",
        "Leadernparticipants=3_eventually-stable.gm",
        "Lift_(Correct)nlifts=2_liveness_1_1.gm",
        "Lift_(Correct)nlifts=2_liveness_1_2.gm",
        "Lift_(Correct)nlifts=2_liveness_2_1.gm",
        "Lift_(Correct)nlifts=2_liveness_2_2.gm",
        "Lift_(Correct)nlifts=2_nodeadlock.gm",
        "Lift_(Correct)nlifts=2_safety_1.gm",
        "Lift_(Correct)nlifts=2_safety_2_1.gm",
        "Lift_(Correct)nlifts=2_safety_2_2.gm",
        "Lift_(Correct)nlifts=3_liveness_1_1.gm",
        "Lift_(Correct)nlifts=3_liveness_1_2.gm",
        "Lift_(Correct)nlifts=3_liveness_2_1.gm",
        "Lift_(Correct)nlifts=3_liveness_2_2.gm",
        "Lift_(Correct)nlifts=3_nodeadlock.gm",
        "Lift_(Correct)nlifts=3_safety_1.gm",
        "Lift_(Correct)nlifts=3_safety_2_1.gm",
        "Lift_(Correct)nlifts=3_safety_2_2.gm",
        "Lift_(Correct)nlifts=4_nodeadlock.gm",
        "Lift_(Correct)nlifts=4_safety_1.gm",
        "Lift_(Correct)nlifts=4_safety_2_1.gm",
        "Lift_(Correct)nlifts=4_safety_2_2.gm",
        "Lift_(Incorrect)nlifts=2_liveness_1_1.gm",
        "Lift_(Incorrect)nlifts=2_liveness_1_2.gm",
        "Lift_(Incorrect)nlifts=2_liveness_2_1.gm",
        "Lift_(Incorrect)nlifts=2_liveness_2_2.gm",
        "Lift_(Incorrect)nlifts=2_nodeadlock.gm",
        "Lift_(Incorrect)nlifts=2_safety_1.gm",
        "Lift_(Incorrect)nlifts=2_safety_2_1.gm",
        "Lift_(Incorrect)nlifts=2_safety_2_2.gm",
        "Lift_(Incorrect)nlifts=3_liveness_2_1.gm",
        "Lift_(Incorrect)nlifts=3_liveness_2_2.gm",
        "Lift_(Incorrect)nlifts=3_safety_1.gm",
        "Lift_(Incorrect)nlifts=3_safety_2_1.gm",
        "Lift_(Incorrect)nlifts=3_safety_2_2.gm",
        "Pardatasize=2_infinitely_often_enabled_then_infinitely_often_taken.gm",
        "Pardatasize=2_infinitely_often_receive_d1.gm",
        "Pardatasize=2_infinitely_often_receive_for_all_d.gm",
        "Pardatasize=2_invariantly_infinitely_many_reachable_taus.gm",
        "Pardatasize=2_no_duplication_of_messages.gm",
        "Pardatasize=2_no_generation_of_messages.gm",
        "Pardatasize=2_nodeadlock.gm",
        "Pardatasize=2_read_then_eventually_send.gm",
        "Pardatasize=4_infinitely_often_enabled_then_infinitely_often_taken.gm",
        "Pardatasize=4_infinitely_often_receive_d1.gm",
        "Pardatasize=4_infinitely_often_receive_for_all_d.gm",
        "Pardatasize=4_invariantly_infinitely_many_reachable_taus.gm",
        "Pardatasize=4_no_duplication_of_messages.gm",
        "Pardatasize=4_no_generation_of_messages.gm",
        "Pardatasize=4_nodeadlock.gm",
        "Pardatasize=4_read_then_eventually_send.gm",
        "Pardatasize=8_infinitely_often_enabled_then_infinitely_often_taken.gm",
        "Pardatasize=8_infinitely_often_receive_d1.gm",
        "Pardatasize=8_infinitely_often_receive_for_all_d.gm",
        "Pardatasize=8_invariantly_infinitely_many_reachable_taus.gm",
        "Pardatasize=8_no_duplication_of_messages.gm",
        "Pardatasize=8_no_generation_of_messages.gm",
        "Pardatasize=8_nodeadlock.gm",
        "Pardatasize=8_read_then_eventually_send.gm",
        "SWPdatasize=2_windowsize=1_infinitely_often_enabled_then_infinitely_often_taken.gm",
        "SWPdatasize=2_windowsize=1_infinitely_often_lost.gm",
        "SWPdatasize=2_windowsize=1_infinitely_often_receive_d1.gm",
        "SWPdatasize=2_windowsize=1_infinitely_often_receive_for_all_d.gm",
        "SWPdatasize=2_windowsize=1_invariantly_infinitely_many_reachable_taus.gm",
        "SWPdatasize=2_windowsize=1_no_duplication_of_messages.gm",
        "SWPdatasize=2_windowsize=1_no_generation_of_messages.gm",
        "SWPdatasize=2_windowsize=1_nodeadlock.gm",
        "SWPdatasize=2_windowsize=1_read_then_eventually_send.gm",
        "SWPdatasize=2_windowsize=1_read_then_eventually_send_if_fair.gm",
        "SWPdatasize=2_windowsize=2_infinitely_often_lost.gm",
        "SWPdatasize=2_windowsize=2_infinitely_often_receive_d1.gm",
        "SWPdatasize=2_windowsize=2_infinitely_often_receive_for_all_d.gm",
        "SWPdatasize=2_windowsize=2_invariantly_infinitely_many_reachable_taus.gm",
        "SWPdatasize=2_windowsize=2_no_generation_of_messages.gm",
        "SWPdatasize=2_windowsize=2_nodeadlock.gm",
        "SWPdatasize=2_windowsize=2_read_then_eventually_send.gm",
        "SWPdatasize=2_windowsize=2_read_then_eventually_send_if_fair.gm",
        "SWPdatasize=2_windowsize=3_no_generation_of_messages.gm",
        "SWPdatasize=4_windowsize=1_infinitely_often_enabled_then_infinitely_often_taken.gm",
        "SWPdatasize=4_windowsize=1_infinitely_often_lost.gm",
        "SWPdatasize=4_windowsize=1_infinitely_often_receive_d1.gm",
        "SWPdatasize=4_windowsize=1_infinitely_often_receive_for_all_d.gm",
        "SWPdatasize=4_windowsize=1_invariantly_infinitely_many_reachable_taus.gm",
        "SWPdatasize=4_windowsize=1_no_duplication_of_messages.gm",
        "SWPdatasize=4_windowsize=1_no_generation_of_messages.gm",
        "SWPdatasize=4_windowsize=1_nodeadlock.gm",
        "SWPdatasize=4_windowsize=1_read_then_eventually_send.gm",
        "SWPdatasize=4_windowsize=1_read_then_eventually_send_if_fair.gm",
        "SWPdatasize=8_windowsize=1_infinitely_often_lost.gm",
        "SWPdatasize=8_windowsize=1_infinitely_often_receive_d1.gm",
        "SWPdatasize=8_windowsize=1_infinitely_often_receive_for_all_d.gm",
        "SWPdatasize=8_windowsize=1_invariantly_infinitely_many_reachable_taus.gm",
        "SWPdatasize=8_windowsize=1_no_generation_of_messages.gm",
        "SWPdatasize=8_windowsize=1_nodeadlock.gm",
        "SWPdatasize=8_windowsize=1_read_then_eventually_send.gm",
        "SWPdatasize=8_windowsize=1_read_then_eventually_send_if_fair.gm",
        "Snakewidth=4_height=4_black_has_winning_strategy.gm",
        "Snakewidth=4_height=4_white_has_winning_strategy.gm"
    ],
    "timedout": [
        "Hanoindisks=11_eventually_done.gm",
        "Hanoindisks=12_eventually_done.gm",
        "Hanoindisks=13_eventually_done.gm",
        "Hesselinkdatasize=2_nodeadlock.gm",
        "Hesselinkdatasize=2_property1.gm",
        "Hesselinkdatasize=2_property2.gm",
        "Hesselinkdatasize=3_nodeadlock.gm",
        "IEEE1394nparties=2_datasize=2_headersize=2_acksize=2_nodeadlock.gm",
        "IEEE1394nparties=2_datasize=2_headersize=2_acksize=2_property1.gm",
        "IEEE1394nparties=2_datasize=2_headersize=2_acksize=2_property2.gm",
        "IEEE1394nparties=2_datasize=2_headersize=2_acksize=2_property3.gm",
        "IEEE1394nparties=2_datasize=2_headersize=2_acksize=2_property4.gm",
        "IEEE1394nparties=2_datasize=2_headersize=2_acksize=2_property5.gm",
        "Leadernparticipants=4_eventually-stable.gm",
        "Lift_(Correct)nlifts=4_liveness_1_1.gm",
        "Lift_(Correct)nlifts=4_liveness_1_2.gm",
        "Lift_(Correct)nlifts=4_liveness_2_1.gm",
        "Lift_(Correct)nlifts=4_liveness_2_2.gm",
        "Lift_(Incorrect)nlifts=3_liveness_1_1.gm",
        "Lift_(Incorrect)nlifts=3_liveness_1_2.gm",
        "Lift_(Incorrect)nlifts=3_nodeadlock.gm",
        "Lift_(Incorrect)nlifts=4_liveness_1_1.gm",
        "Lift_(Incorrect)nlifts=4_liveness_1_2.gm",
        "Lift_(Incorrect)nlifts=4_liveness_2_1.gm",
        "Lift_(Incorrect)nlifts=4_liveness_2_2.gm",
        "Lift_(Incorrect)nlifts=4_nodeadlock.gm",
        "Lift_(Incorrect)nlifts=4_safety_1.gm",
        "Lift_(Incorrect)nlifts=4_safety_2_1.gm",
        "Lift_(Incorrect)nlifts=4_safety_2_2.gm",
        "Onebitdatasize=2_infinitely_often_enabled_then_infinitely_often_taken.gm",
        "Onebitdatasize=2_infinitely_often_read_write.gm",
        "Onebitdatasize=2_infinitely_often_receive_d1.gm",
        "Onebitdatasize=2_infinitely_often_receive_for_all_d.gm",
        "Onebitdatasize=2_invariantly_infinitely_many_reachable_taus.gm",
        "Onebitdatasize=2_message_can_be_lost_infinitely_often.gm",
        "Onebitdatasize=2_messages_can_be_overtaken.gm",
        "Onebitdatasize=2_messages_read_are_inevitably_sent.gm",
        "Onebitdatasize=2_no_duplication_of_messages.gm",
        "Onebitdatasize=2_no_generation_of_messages.gm",
        "Onebitdatasize=2_no_spontaneous_messages.gm",
        "Onebitdatasize=2_nodeadlock.gm",
        "Onebitdatasize=2_read_then_eventually_send.gm",
        "Onebitdatasize=3_infinitely_often_enabled_then_infinitely_often_taken.gm",
        "Onebitdatasize=3_infinitely_often_read_write.gm",
        "Onebitdatasize=3_infinitely_often_receive_d1.gm",
        "Onebitdatasize=3_infinitely_often_receive_for_all_d.gm",
        "Onebitdatasize=3_invariantly_infinitely_many_reachable_taus.gm",
        "Onebitdatasize=3_message_can_be_lost_infinitely_often.gm",
        "Onebitdatasize=3_messages_can_be_overtaken.gm",
        "Onebitdatasize=3_messages_read_are_inevitably_sent.gm",
        "Onebitdatasize=3_no_duplication_of_messages.gm",
        "Onebitdatasize=3_no_generation_of_messages.gm",
        "Onebitdatasize=3_no_spontaneous_messages.gm",
        "Onebitdatasize=3_nodeadlock.gm",
        "Onebitdatasize=3_read_then_eventually_send.gm",
        "SWPdatasize=2_windowsize=2_infinitely_often_enabled_then_infinitely_often_taken.gm",
        "SWPdatasize=2_windowsize=2_no_duplication_of_messages.gm",
        "SWPdatasize=2_windowsize=3_infinitely_often_enabled_then_infinitely_often_taken.gm",
        "SWPdatasize=2_windowsize=3_infinitely_often_lost.gm",
        "SWPdatasize=2_windowsize=3_infinitely_often_read_write.gm",
        "SWPdatasize=2_windowsize=3_infinitely_often_receive_d1.gm",
        "SWPdatasize=2_windowsize=3_infinitely_often_receive_for_all_d.gm",
        "SWPdatasize=2_windowsize=3_invariantly_infinitely_many_reachable_taus.gm",
        "SWPdatasize=2_windowsize=3_no_duplication_of_messages.gm",
        "SWPdatasize=2_windowsize=3_nodeadlock.gm",
        "SWPdatasize=2_windowsize=3_read_then_eventually_send.gm",
        "SWPdatasize=2_windowsize=3_read_then_eventually_send_if_fair.gm",
        "SWPdatasize=4_windowsize=2_infinitely_often_enabled_then_infinitely_often_taken.gm",
        "SWPdatasize=4_windowsize=2_infinitely_often_lost.gm",
        "SWPdatasize=4_windowsize=2_infinitely_often_read_write.gm",
        "SWPdatasize=4_windowsize=2_infinitely_often_receive_d1.gm",
        "SWPdatasize=4_windowsize=2_infinitely_often_receive_for_all_d.gm",
        "SWPdatasize=4_windowsize=2_invariantly_infinitely_many_reachable_taus.gm",
        "SWPdatasize=4_windowsize=2_no_duplication_of_messages.gm",
        "SWPdatasize=4_windowsize=2_no_generation_of_messages.gm",
        "SWPdatasize=4_windowsize=2_nodeadlock.gm",
        "SWPdatasize=4_windowsize=2_read_then_eventually_send.gm",
        "SWPdatasize=4_windowsize=2_read_then_eventually_send_if_fair.gm",
        "SWPdatasize=4_windowsize=3_infinitely_often_receive_d1.gm",
        "SWPdatasize=4_windowsize=3_no_generation_of_messages.gm",
        "SWPdatasize=4_windowsize=3_nodeadlock.gm",
        "SWPdatasize=8_windowsize=1_infinitely_often_enabled_then_infinitely_often_taken.gm",
        "SWPdatasize=8_windowsize=1_no_duplication_of_messages.gm"
    ]
}