{
    "total_solved": 128,
    "total_unsolved": 0,
    "total_timeouts": 0,
    "total_files": 128,
    "solved_files_percentage": 1.0,
    "time_to_preprocess": 46.56059169769287,
    "time_to_pre_solve": 46.56117510795593,
    "time_to_zielonkas": 6.47347354888916,
    "incorrect_preprocessing": [],
    "unsolved": [],
    "solved": [
        "ABP(BW)_ABP(BW)_(datasize=2_capacity=1_windowsize=1)eq=branching-bisim.gm",
        "ABP(BW)_ABP(BW)_(datasize=2_capacity=1_windowsize=1)eq=branching-sim.gm",
        "ABP(BW)_ABP(BW)_(datasize=2_capacity=1_windowsize=1)eq=strong-bisim.gm",
        "ABP(BW)_ABP(BW)_(datasize=2_capacity=1_windowsize=1)eq=weak-bisim.gm",
        "ABP(BW)_ABP(BW)_(datasize=4_capacity=1_windowsize=1)eq=branching-bisim.gm",
        "ABP(BW)_ABP(BW)_(datasize=4_capacity=1_windowsize=1)eq=branching-sim.gm",
        "ABP(BW)_ABP(BW)_(datasize=4_capacity=1_windowsize=1)eq=strong-bisim.gm",
        "ABP(BW)_ABP(BW)_(datasize=4_capacity=1_windowsize=1)eq=weak-bisim.gm",
        "ABP(BW)_CABP_(datasize=2_capacity=1_windowsize=1)eq=branching-bisim.gm",
        "ABP(BW)_CABP_(datasize=2_capacity=1_windowsize=1)eq=branching-sim.gm",
        "ABP(BW)_CABP_(datasize=2_capacity=1_windowsize=1)eq=strong-bisim.gm",
        "ABP(BW)_CABP_(datasize=2_capacity=1_windowsize=1)eq=weak-bisim.gm",
        "ABP(BW)_CABP_(datasize=4_capacity=1_windowsize=1)eq=strong-bisim.gm",
        "ABP(BW)_Onebit_(datasize=2_capacity=1_windowsize=1)eq=strong-bisim.gm",
        "ABP(BW)_Onebit_(datasize=3_capacity=1_windowsize=1)eq=strong-bisim.gm",
        "ABP(BW)_Par_(datasize=2_capacity=1_windowsize=1)eq=branching-bisim.gm",
        "ABP(BW)_Par_(datasize=2_capacity=1_windowsize=1)eq=branching-sim.gm",
        "ABP(BW)_Par_(datasize=2_capacity=1_windowsize=1)eq=strong-bisim.gm",
        "ABP(BW)_Par_(datasize=2_capacity=1_windowsize=1)eq=weak-bisim.gm",
        "ABP(BW)_Par_(datasize=4_capacity=1_windowsize=1)eq=branching-bisim.gm",
        "ABP(BW)_Par_(datasize=4_capacity=1_windowsize=1)eq=branching-sim.gm",
        "ABP(BW)_Par_(datasize=4_capacity=1_windowsize=1)eq=strong-bisim.gm",
        "ABP(BW)_Par_(datasize=4_capacity=1_windowsize=1)eq=weak-bisim.gm",
        "ABP(BW)_SWP_(datasize=2_capacity=1_windowsize=1)eq=strong-bisim.gm",
        "ABP(BW)_SWP_(datasize=4_capacity=1_windowsize=1)eq=strong-bisim.gm",
        "ABP_ABP(BW)_(datasize=2_capacity=1_windowsize=1)eq=branching-bisim.gm",
        "ABP_ABP(BW)_(datasize=2_capacity=1_windowsize=1)eq=branching-sim.gm",
        "ABP_ABP(BW)_(datasize=2_capacity=1_windowsize=1)eq=strong-bisim.gm",
        "ABP_ABP(BW)_(datasize=2_capacity=1_windowsize=1)eq=weak-bisim.gm",
        "ABP_ABP(BW)_(datasize=4_capacity=1_windowsize=1)eq=branching-bisim.gm",
        "ABP_ABP(BW)_(datasize=4_capacity=1_windowsize=1)eq=branching-sim.gm",
        "ABP_ABP(BW)_(datasize=4_capacity=1_windowsize=1)eq=strong-bisim.gm",
        "ABP_ABP(BW)_(datasize=4_capacity=1_windowsize=1)eq=weak-bisim.gm",
        "ABP_ABP_(datasize=2_capacity=1_windowsize=1)eq=branching-bisim.gm",
        "ABP_ABP_(datasize=2_capacity=1_windowsize=1)eq=branching-sim.gm",
        "ABP_ABP_(datasize=2_capacity=1_windowsize=1)eq=strong-bisim.gm",
        "ABP_ABP_(datasize=2_capacity=1_windowsize=1)eq=weak-bisim.gm",
        "ABP_ABP_(datasize=4_capacity=1_windowsize=1)eq=branching-bisim.gm",
        "ABP_ABP_(datasize=4_capacity=1_windowsize=1)eq=branching-sim.gm",
        "ABP_ABP_(datasize=4_capacity=1_windowsize=1)eq=strong-bisim.gm",
        "ABP_ABP_(datasize=4_capacity=1_windowsize=1)eq=weak-bisim.gm",
        "ABP_CABP_(datasize=2_capacity=1_windowsize=1)eq=branching-bisim.gm",
        "ABP_CABP_(datasize=2_capacity=1_windowsize=1)eq=branching-sim.gm",
        "ABP_CABP_(datasize=2_capacity=1_windowsize=1)eq=strong-bisim.gm",
        "ABP_CABP_(datasize=2_capacity=1_windowsize=1)eq=weak-bisim.gm",
        "ABP_CABP_(datasize=4_capacity=1_windowsize=1)eq=strong-bisim.gm",
        "ABP_Onebit_(datasize=2_capacity=1_windowsize=1)eq=strong-bisim.gm",
        "ABP_Onebit_(datasize=3_capacity=1_windowsize=1)eq=strong-bisim.gm",
        "ABP_Par_(datasize=2_capacity=1_windowsize=1)eq=branching-bisim.gm",
        "ABP_Par_(datasize=2_capacity=1_windowsize=1)eq=branching-sim.gm",
        "ABP_Par_(datasize=2_capacity=1_windowsize=1)eq=strong-bisim.gm",
        "ABP_Par_(datasize=2_capacity=1_windowsize=1)eq=weak-bisim.gm",
        "ABP_Par_(datasize=4_capacity=1_windowsize=1)eq=branching-bisim.gm",
        "ABP_Par_(datasize=4_capacity=1_windowsize=1)eq=branching-sim.gm",
        "ABP_Par_(datasize=4_capacity=1_windowsize=1)eq=strong-bisim.gm",
        "ABP_Par_(datasize=4_capacity=1_windowsize=1)eq=weak-bisim.gm",
        "ABP_SWP_(datasize=2_capacity=1_windowsize=1)eq=strong-bisim.gm",
        "ABP_SWP_(datasize=4_capacity=1_windowsize=1)eq=strong-bisim.gm",
        "Buffer_ABP(BW)_(datasize=2_capacity=1_windowsize=1)eq=branching-bisim.gm",
        "Buffer_ABP(BW)_(datasize=2_capacity=1_windowsize=1)eq=branching-sim.gm",
        "Buffer_ABP(BW)_(datasize=2_capacity=1_windowsize=1)eq=strong-bisim.gm",
        "Buffer_ABP(BW)_(datasize=2_capacity=1_windowsize=1)eq=weak-bisim.gm",
        "Buffer_ABP(BW)_(datasize=4_capacity=1_windowsize=1)eq=branching-bisim.gm",
        "Buffer_ABP(BW)_(datasize=4_capacity=1_windowsize=1)eq=branching-sim.gm",
        "Buffer_ABP(BW)_(datasize=4_capacity=1_windowsize=1)eq=strong-bisim.gm",
        "Buffer_ABP(BW)_(datasize=4_capacity=1_windowsize=1)eq=weak-bisim.gm",
        "Buffer_ABP_(datasize=2_capacity=1_windowsize=1)eq=branching-bisim.gm",
        "Buffer_ABP_(datasize=2_capacity=1_windowsize=1)eq=branching-sim.gm",
        "Buffer_ABP_(datasize=2_capacity=1_windowsize=1)eq=strong-bisim.gm",
        "Buffer_ABP_(datasize=2_capacity=1_windowsize=1)eq=weak-bisim.gm",
        "Buffer_ABP_(datasize=4_capacity=1_windowsize=1)eq=branching-bisim.gm",
        "Buffer_ABP_(datasize=4_capacity=1_windowsize=1)eq=branching-sim.gm",
        "Buffer_ABP_(datasize=4_capacity=1_windowsize=1)eq=strong-bisim.gm",
        "Buffer_ABP_(datasize=4_capacity=1_windowsize=1)eq=weak-bisim.gm",
        "Buffer_CABP_(datasize=2_capacity=1_windowsize=1)eq=branching-bisim.gm",
        "Buffer_CABP_(datasize=2_capacity=1_windowsize=1)eq=branching-sim.gm",
        "Buffer_CABP_(datasize=2_capacity=1_windowsize=1)eq=strong-bisim.gm",
        "Buffer_CABP_(datasize=2_capacity=1_windowsize=1)eq=weak-bisim.gm",
        "Buffer_CABP_(datasize=4_capacity=1_windowsize=1)eq=branching-bisim.gm",
        "Buffer_CABP_(datasize=4_capacity=1_windowsize=1)eq=branching-sim.gm",
        "Buffer_CABP_(datasize=4_capacity=1_windowsize=1)eq=strong-bisim.gm",
        "Buffer_CABP_(datasize=4_capacity=1_windowsize=1)eq=weak-bisim.gm",
        "Buffer_Onebit_(datasize=2_capacity=1_windowsize=1)eq=strong-bisim.gm",
        "Buffer_Onebit_(datasize=2_capacity=2_windowsize=1)eq=strong-bisim.gm",
        "Buffer_Onebit_(datasize=3_capacity=1_windowsize=1)eq=strong-bisim.gm",
        "Buffer_Onebit_(datasize=3_capacity=2_windowsize=1)eq=strong-bisim.gm",
        "Buffer_Par_(datasize=2_capacity=1_windowsize=1)eq=branching-bisim.gm",
        "Buffer_Par_(datasize=2_capacity=1_windowsize=1)eq=branching-sim.gm",
        "Buffer_Par_(datasize=2_capacity=1_windowsize=1)eq=strong-bisim.gm",
        "Buffer_Par_(datasize=2_capacity=1_windowsize=1)eq=weak-bisim.gm",
        "Buffer_Par_(datasize=4_capacity=1_windowsize=1)eq=branching-bisim.gm",
        "Buffer_Par_(datasize=4_capacity=1_windowsize=1)eq=branching-sim.gm",
        "Buffer_Par_(datasize=4_capacity=1_windowsize=1)eq=strong-bisim.gm",
        "Buffer_Par_(datasize=4_capacity=1_windowsize=1)eq=weak-bisim.gm",
        "Buffer_SWP_(datasize=2_capacity=1_windowsize=1)eq=branching-bisim.gm",
        "Buffer_SWP_(datasize=2_capacity=1_windowsize=1)eq=branching-sim.gm",
        "Buffer_SWP_(datasize=2_capacity=1_windowsize=1)eq=strong-bisim.gm",
        "Buffer_SWP_(datasize=2_capacity=1_windowsize=1)eq=weak-bisim.gm",
        "Buffer_SWP_(datasize=2_capacity=2_windowsize=1)eq=branching-bisim.gm",
        "Buffer_SWP_(datasize=2_capacity=2_windowsize=1)eq=branching-sim.gm",
        "Buffer_SWP_(datasize=2_capacity=2_windowsize=1)eq=strong-bisim.gm",
        "Buffer_SWP_(datasize=2_capacity=2_windowsize=1)eq=weak-bisim.gm",
        "Buffer_SWP_(datasize=4_capacity=1_windowsize=1)eq=branching-bisim.gm",
        "Buffer_SWP_(datasize=4_capacity=1_windowsize=1)eq=branching-sim.gm",
        "Buffer_SWP_(datasize=4_capacity=1_windowsize=1)eq=strong-bisim.gm",
        "Buffer_SWP_(datasize=4_capacity=1_windowsize=1)eq=weak-bisim.gm",
        "Buffer_SWP_(datasize=4_capacity=2_windowsize=1)eq=branching-bisim.gm",
        "Buffer_SWP_(datasize=4_capacity=2_windowsize=1)eq=branching-sim.gm",
        "Buffer_SWP_(datasize=4_capacity=2_windowsize=1)eq=strong-bisim.gm",
        "Buffer_SWP_(datasize=4_capacity=2_windowsize=1)eq=weak-bisim.gm",
        "CABP_Par_(datasize=2_capacity=1_windowsize=1)eq=branching-bisim.gm",
        "CABP_Par_(datasize=2_capacity=1_windowsize=1)eq=branching-sim.gm",
        "CABP_Par_(datasize=2_capacity=1_windowsize=1)eq=strong-bisim.gm",
        "CABP_Par_(datasize=4_capacity=1_windowsize=1)eq=strong-bisim.gm",
        "CABP_SWP_(datasize=2_capacity=1_windowsize=1)eq=strong-bisim.gm",
        "Par_Onebit_(datasize=2_capacity=1_windowsize=1)eq=strong-bisim.gm",
        "Par_Onebit_(datasize=4_capacity=1_windowsize=1)eq=strong-bisim.gm",
        "Par_Par_(datasize=2_capacity=1_windowsize=1)eq=branching-bisim.gm",
        "Par_Par_(datasize=2_capacity=1_windowsize=1)eq=branching-sim.gm",
        "Par_Par_(datasize=2_capacity=1_windowsize=1)eq=strong-bisim.gm",
        "Par_Par_(datasize=2_capacity=1_windowsize=1)eq=weak-bisim.gm",
        "Par_Par_(datasize=4_capacity=1_windowsize=1)eq=branching-bisim.gm",
        "Par_Par_(datasize=4_capacity=1_windowsize=1)eq=branching-sim.gm",
        "Par_Par_(datasize=4_capacity=1_windowsize=1)eq=strong-bisim.gm",
        "Par_Par_(datasize=4_capacity=1_windowsize=1)eq=weak-bisim.gm",
        "Par_SWP_(datasize=2_capacity=1_windowsize=1)eq=strong-bisim.gm",
        "Par_SWP_(datasize=4_capacity=1_windowsize=1)eq=strong-bisim.gm",
        "SWP_SWP_(datasize=2_capacity=1_windowsize=1)eq=strong-bisim.gm"
    ],
    "timedout": []
}