{
    "total_solved": 74,
    "total_unsolved": 1,
    "total_timeouts": 0,
    "total_files": 75,
    "solved_files_percentage": 0.9866666666666667,
    "time_to_preprocess": 455.91099405288696,
    "time_to_pre_solve": 455.9668734073639,
    "time_to_zielonkas": 23.548147678375244,
    "incorrect_preprocessing": [],
    "unsolved": [
        "Nestern=3.gm"
    ],
    "solved": [
        "ParityAndBuechin=3.gm",
        "CTLStarBinaryCountern=1.gm",
        "CTLStarBinaryCountern=2.gm",
        "CTLStarBinaryCountern=3.gm",
        "CTLStarBinaryCountern=4.gm",
        "CTLStarBinaryCountern=5.gm",
        "CTLStarBinaryCountern=6.gm",
        "CTLStarBinaryCountern=7.gm",
        "CTLStarBinaryCountern=8.gm",
        "DemriKillerFormulan=1.gm",
        "DemriKillerFormulan=2.gm",
        "FLCTLLimitClosuren=1.gm",
        "FLCTLLimitClosuren=2.gm",
        "FLCTLLimitClosuren=3.gm",
        "FLCTLLimitClosuren=4.gm",
        "FairSchedulern=1.gm",
        "Includen=1.gm",
        "Includen=2.gm",
        "Includen=3.gm",
        "Includen=4.gm",
        "Includen=5.gm",
        "Includen=6.gm",
        "Includen=7.gm",
        "Includen=8.gm",
        "LTMucalcBinaryCountern=1.gm",
        "LTMucalcBinaryCountern=2.gm",
        "LTMucalcBinaryCountern=3.gm",
        "LTMucalcBinaryCountern=4.gm",
        "LTMucalcBinaryCountern=5.gm",
        "LTMucalcBinaryCountern=6.gm",
        "LTMucalcBinaryCountern=7.gm",
        "LTMucalcBinaryCountern=8.gm",
        "MuCalcLimitClosurephi=p_n=0.gm",
        "Nestern=1.gm",
        "Nestern=2.gm",
        "PDLBinaryCountern=1.gm",
        "PDLBinaryCountern=2.gm",
        "PDLBinaryCountern=3.gm",
        "PDLBinaryCountern=4.gm",
        "PDLBinaryCountern=5.gm",
        "ParityAndBuechin=1.gm",
        "ParityAndBuechin=2.gm",
        "Petrin=1.gm",
        "Petrin=2.gm",
        "Petrin=3.gm",
        "Petrin=4.gm",
        "Petrin=5.gm",
        "Petrin=6.gm",
        "Petrin=7.gm",
        "Petrin=8.gm",
        "StarNesterk=1_n=1.gm",
        "StarNesterk=1_n=2.gm",
        "StarNesterk=1_n=3.gm",
        "StarNesterk=1_n=4.gm",
        "StarNesterk=1_n=5.gm",
        "StarNesterk=1_n=6.gm",
        "StarNesterk=1_n=7.gm",
        "StarNesterk=1_n=8.gm",
        "StarNesterk=2_n=1.gm",
        "StarNesterk=2_n=2.gm",
        "StarNesterk=2_n=3.gm",
        "StarNesterk=2_n=4.gm",
        "StarNesterk=2_n=5.gm",
        "StarNesterk=2_n=6.gm",
        "StarNesterk=2_n=7.gm",
        "StarNesterk=2_n=8.gm",
        "StarNesterk=3_n=1.gm",
        "StarNesterk=3_n=2.gm",
        "StarNesterk=3_n=3.gm",
        "StarNesterk=3_n=4.gm",
        "StarNesterk=3_n=5.gm",
        "StarNesterk=3_n=6.gm",
        "StarNesterk=3_n=7.gm",
        "StarNesterk=3_n=8.gm"
    ],
    "timedout": []
}