{
    "total_solved": 1000,
    "total_files": 1000,
    "solved_files_percentage": 1.0,
    "time_to_preprocess": 2324.9288651943207,
    "time_to_pre_solve": 2324.9370708465576,
    "time_to_zielonkas": 431.8385829925537,
    "total_errors": 0,
    "incorrect_preprocessing": [],
    "unsolved": [],
    "solved": [
        "randomgame-12000-10-1-20-id=0.gm",
        "randomgame-12000-10-1-20-id=1.gm",
        "randomgame-12000-10-1-20-id=10.gm",
        "randomgame-12000-10-1-20-id=100.gm",
        "randomgame-12000-10-1-20-id=101.gm",
        "randomgame-12000-10-1-20-id=102.gm",
        "randomgame-12000-10-1-20-id=103.gm",
        "randomgame-12000-10-1-20-id=104.gm",
        "randomgame-12000-10-1-20-id=105.gm",
        "randomgame-12000-10-1-20-id=106.gm",
        "randomgame-12000-10-1-20-id=107.gm",
        "randomgame-12000-10-1-20-id=108.gm",
        "randomgame-12000-10-1-20-id=109.gm",
        "randomgame-12000-10-1-20-id=11.gm",
        "randomgame-12000-10-1-20-id=110.gm",
        "randomgame-12000-10-1-20-id=111.gm",
        "randomgame-12000-10-1-20-id=112.gm",
        "randomgame-12000-10-1-20-id=113.gm",
        "randomgame-12000-10-1-20-id=114.gm",
        "randomgame-12000-10-1-20-id=115.gm",
        "randomgame-12000-10-1-20-id=116.gm",
        "randomgame-12000-10-1-20-id=117.gm",
        "randomgame-12000-10-1-20-id=118.gm",
        "randomgame-12000-10-1-20-id=119.gm",
        "randomgame-12000-10-1-20-id=12.gm",
        "randomgame-12000-10-1-20-id=120.gm",
        "randomgame-12000-10-1-20-id=121.gm",
        "randomgame-12000-10-1-20-id=122.gm",
        "randomgame-12000-10-1-20-id=123.gm",
        "randomgame-12000-10-1-20-id=124.gm",
        "randomgame-12000-10-1-20-id=125.gm",
        "randomgame-12000-10-1-20-id=126.gm",
        "randomgame-12000-10-1-20-id=127.gm",
        "randomgame-12000-10-1-20-id=128.gm",
        "randomgame-12000-10-1-20-id=129.gm",
        "randomgame-12000-10-1-20-id=13.gm",
        "randomgame-12000-10-1-20-id=130.gm",
        "randomgame-12000-10-1-20-id=131.gm",
        "randomgame-12000-10-1-20-id=132.gm",
        "randomgame-12000-10-1-20-id=133.gm",
        "randomgame-12000-10-1-20-id=134.gm",
        "randomgame-12000-10-1-20-id=135.gm",
        "randomgame-12000-10-1-20-id=136.gm",
        "randomgame-12000-10-1-20-id=137.gm",
        "randomgame-12000-10-1-20-id=138.gm",
        "randomgame-12000-10-1-20-id=139.gm",
        "randomgame-12000-10-1-20-id=14.gm",
        "randomgame-12000-10-1-20-id=140.gm",
        "randomgame-12000-10-1-20-id=141.gm",
        "randomgame-12000-10-1-20-id=142.gm",
        "randomgame-12000-10-1-20-id=143.gm",
        "randomgame-12000-10-1-20-id=144.gm",
        "randomgame-12000-10-1-20-id=145.gm",
        "randomgame-12000-10-1-20-id=146.gm",
        "randomgame-12000-10-1-20-id=147.gm",
        "randomgame-12000-10-1-20-id=148.gm",
        "randomgame-12000-10-1-20-id=149.gm",
        "randomgame-12000-10-1-20-id=15.gm",
        "randomgame-12000-10-1-20-id=150.gm",
        "randomgame-12000-10-1-20-id=151.gm",
        "randomgame-12000-10-1-20-id=152.gm",
        "randomgame-12000-10-1-20-id=153.gm",
        "randomgame-12000-10-1-20-id=154.gm",
        "randomgame-12000-10-1-20-id=155.gm",
        "randomgame-12000-10-1-20-id=156.gm",
        "randomgame-12000-10-1-20-id=157.gm",
        "randomgame-12000-10-1-20-id=158.gm",
        "randomgame-12000-10-1-20-id=159.gm",
        "randomgame-12000-10-1-20-id=16.gm",
        "randomgame-12000-10-1-20-id=160.gm",
        "randomgame-12000-10-1-20-id=161.gm",
        "randomgame-12000-10-1-20-id=162.gm",
        "randomgame-12000-10-1-20-id=163.gm",
        "randomgame-12000-10-1-20-id=164.gm",
        "randomgame-12000-10-1-20-id=165.gm",
        "randomgame-12000-10-1-20-id=166.gm",
        "randomgame-12000-10-1-20-id=167.gm",
        "randomgame-12000-10-1-20-id=168.gm",
        "randomgame-12000-10-1-20-id=169.gm",
        "randomgame-12000-10-1-20-id=17.gm",
        "randomgame-12000-10-1-20-id=170.gm",
        "randomgame-12000-10-1-20-id=171.gm",
        "randomgame-12000-10-1-20-id=172.gm",
        "randomgame-12000-10-1-20-id=173.gm",
        "randomgame-12000-10-1-20-id=174.gm",
        "randomgame-12000-10-1-20-id=175.gm",
        "randomgame-12000-10-1-20-id=176.gm",
        "randomgame-12000-10-1-20-id=177.gm",
        "randomgame-12000-10-1-20-id=178.gm",
        "randomgame-12000-10-1-20-id=179.gm",
        "randomgame-12000-10-1-20-id=18.gm",
        "randomgame-12000-10-1-20-id=180.gm",
        "randomgame-12000-10-1-20-id=181.gm",
        "randomgame-12000-10-1-20-id=182.gm",
        "randomgame-12000-10-1-20-id=183.gm",
        "randomgame-12000-10-1-20-id=184.gm",
        "randomgame-12000-10-1-20-id=185.gm",
        "randomgame-12000-10-1-20-id=186.gm",
        "randomgame-12000-10-1-20-id=187.gm",
        "randomgame-12000-10-1-20-id=188.gm",
        "randomgame-12000-10-1-20-id=189.gm",
        "randomgame-12000-10-1-20-id=19.gm",
        "randomgame-12000-10-1-20-id=190.gm",
        "randomgame-12000-10-1-20-id=191.gm",
        "randomgame-12000-10-1-20-id=192.gm",
        "randomgame-12000-10-1-20-id=193.gm",
        "randomgame-12000-10-1-20-id=194.gm",
        "randomgame-12000-10-1-20-id=195.gm",
        "randomgame-12000-10-1-20-id=196.gm",
        "randomgame-12000-10-1-20-id=197.gm",
        "randomgame-12000-10-1-20-id=198.gm",
        "randomgame-12000-10-1-20-id=199.gm",
        "randomgame-12000-10-1-20-id=2.gm",
        "randomgame-12000-10-1-20-id=20.gm",
        "randomgame-12000-10-1-20-id=21.gm",
        "randomgame-12000-10-1-20-id=22.gm",
        "randomgame-12000-10-1-20-id=23.gm",
        "randomgame-12000-10-1-20-id=24.gm",
        "randomgame-12000-10-1-20-id=25.gm",
        "randomgame-12000-10-1-20-id=26.gm",
        "randomgame-12000-10-1-20-id=27.gm",
        "randomgame-12000-10-1-20-id=28.gm",
        "randomgame-12000-10-1-20-id=29.gm",
        "randomgame-12000-10-1-20-id=3.gm",
        "randomgame-12000-10-1-20-id=30.gm",
        "randomgame-12000-10-1-20-id=31.gm",
        "randomgame-12000-10-1-20-id=32.gm",
        "randomgame-12000-10-1-20-id=33.gm",
        "randomgame-12000-10-1-20-id=34.gm",
        "randomgame-12000-10-1-20-id=35.gm",
        "randomgame-12000-10-1-20-id=36.gm",
        "randomgame-12000-10-1-20-id=37.gm",
        "randomgame-12000-10-1-20-id=38.gm",
        "randomgame-12000-10-1-20-id=39.gm",
        "randomgame-12000-10-1-20-id=4.gm",
        "randomgame-12000-10-1-20-id=40.gm",
        "randomgame-12000-10-1-20-id=41.gm",
        "randomgame-12000-10-1-20-id=42.gm",
        "randomgame-12000-10-1-20-id=43.gm",
        "randomgame-12000-10-1-20-id=44.gm",
        "randomgame-12000-10-1-20-id=45.gm",
        "randomgame-12000-10-1-20-id=46.gm",
        "randomgame-12000-10-1-20-id=47.gm",
        "randomgame-12000-10-1-20-id=48.gm",
        "randomgame-12000-10-1-20-id=49.gm",
        "randomgame-12000-10-1-20-id=5.gm",
        "randomgame-12000-10-1-20-id=50.gm",
        "randomgame-12000-10-1-20-id=51.gm",
        "randomgame-12000-10-1-20-id=52.gm",
        "randomgame-12000-10-1-20-id=53.gm",
        "randomgame-12000-10-1-20-id=54.gm",
        "randomgame-12000-10-1-20-id=55.gm",
        "randomgame-12000-10-1-20-id=56.gm",
        "randomgame-12000-10-1-20-id=57.gm",
        "randomgame-12000-10-1-20-id=58.gm",
        "randomgame-12000-10-1-20-id=59.gm",
        "randomgame-12000-10-1-20-id=6.gm",
        "randomgame-12000-10-1-20-id=60.gm",
        "randomgame-12000-10-1-20-id=61.gm",
        "randomgame-12000-10-1-20-id=62.gm",
        "randomgame-12000-10-1-20-id=63.gm",
        "randomgame-12000-10-1-20-id=64.gm",
        "randomgame-12000-10-1-20-id=65.gm",
        "randomgame-12000-10-1-20-id=66.gm",
        "randomgame-12000-10-1-20-id=67.gm",
        "randomgame-12000-10-1-20-id=68.gm",
        "randomgame-12000-10-1-20-id=69.gm",
        "randomgame-12000-10-1-20-id=7.gm",
        "randomgame-12000-10-1-20-id=70.gm",
        "randomgame-12000-10-1-20-id=71.gm",
        "randomgame-12000-10-1-20-id=72.gm",
        "randomgame-12000-10-1-20-id=73.gm",
        "randomgame-12000-10-1-20-id=74.gm",
        "randomgame-12000-10-1-20-id=75.gm",
        "randomgame-12000-10-1-20-id=76.gm",
        "randomgame-12000-10-1-20-id=77.gm",
        "randomgame-12000-10-1-20-id=78.gm",
        "randomgame-12000-10-1-20-id=79.gm",
        "randomgame-12000-10-1-20-id=8.gm",
        "randomgame-12000-10-1-20-id=80.gm",
        "randomgame-12000-10-1-20-id=81.gm",
        "randomgame-12000-10-1-20-id=82.gm",
        "randomgame-12000-10-1-20-id=83.gm",
        "randomgame-12000-10-1-20-id=84.gm",
        "randomgame-12000-10-1-20-id=85.gm",
        "randomgame-12000-10-1-20-id=86.gm",
        "randomgame-12000-10-1-20-id=87.gm",
        "randomgame-12000-10-1-20-id=88.gm",
        "randomgame-12000-10-1-20-id=89.gm",
        "randomgame-12000-10-1-20-id=9.gm",
        "randomgame-12000-10-1-20-id=90.gm",
        "randomgame-12000-10-1-20-id=91.gm",
        "randomgame-12000-10-1-20-id=92.gm",
        "randomgame-12000-10-1-20-id=93.gm",
        "randomgame-12000-10-1-20-id=94.gm",
        "randomgame-12000-10-1-20-id=95.gm",
        "randomgame-12000-10-1-20-id=96.gm",
        "randomgame-12000-10-1-20-id=97.gm",
        "randomgame-12000-10-1-20-id=98.gm",
        "randomgame-12000-10-1-20-id=99.gm",
        "randomgame-16000-10-1-20-id=0.gm",
        "randomgame-16000-10-1-20-id=1.gm",
        "randomgame-16000-10-1-20-id=10.gm",
        "randomgame-16000-10-1-20-id=100.gm",
        "randomgame-16000-10-1-20-id=101.gm",
        "randomgame-16000-10-1-20-id=102.gm",
        "randomgame-16000-10-1-20-id=103.gm",
        "randomgame-16000-10-1-20-id=104.gm",
        "randomgame-16000-10-1-20-id=105.gm",
        "randomgame-16000-10-1-20-id=106.gm",
        "randomgame-16000-10-1-20-id=107.gm",
        "randomgame-16000-10-1-20-id=108.gm",
        "randomgame-16000-10-1-20-id=109.gm",
        "randomgame-16000-10-1-20-id=11.gm",
        "randomgame-16000-10-1-20-id=110.gm",
        "randomgame-16000-10-1-20-id=111.gm",
        "randomgame-16000-10-1-20-id=112.gm",
        "randomgame-16000-10-1-20-id=113.gm",
        "randomgame-16000-10-1-20-id=114.gm",
        "randomgame-16000-10-1-20-id=115.gm",
        "randomgame-16000-10-1-20-id=116.gm",
        "randomgame-16000-10-1-20-id=117.gm",
        "randomgame-16000-10-1-20-id=118.gm",
        "randomgame-16000-10-1-20-id=119.gm",
        "randomgame-16000-10-1-20-id=12.gm",
        "randomgame-16000-10-1-20-id=120.gm",
        "randomgame-16000-10-1-20-id=121.gm",
        "randomgame-16000-10-1-20-id=122.gm",
        "randomgame-16000-10-1-20-id=123.gm",
        "randomgame-16000-10-1-20-id=124.gm",
        "randomgame-16000-10-1-20-id=125.gm",
        "randomgame-16000-10-1-20-id=126.gm",
        "randomgame-16000-10-1-20-id=127.gm",
        "randomgame-16000-10-1-20-id=128.gm",
        "randomgame-16000-10-1-20-id=129.gm",
        "randomgame-16000-10-1-20-id=13.gm",
        "randomgame-16000-10-1-20-id=130.gm",
        "randomgame-16000-10-1-20-id=131.gm",
        "randomgame-16000-10-1-20-id=132.gm",
        "randomgame-16000-10-1-20-id=133.gm",
        "randomgame-16000-10-1-20-id=134.gm",
        "randomgame-16000-10-1-20-id=135.gm",
        "randomgame-16000-10-1-20-id=136.gm",
        "randomgame-16000-10-1-20-id=137.gm",
        "randomgame-16000-10-1-20-id=138.gm",
        "randomgame-16000-10-1-20-id=139.gm",
        "randomgame-16000-10-1-20-id=14.gm",
        "randomgame-16000-10-1-20-id=140.gm",
        "randomgame-16000-10-1-20-id=141.gm",
        "randomgame-16000-10-1-20-id=142.gm",
        "randomgame-16000-10-1-20-id=143.gm",
        "randomgame-16000-10-1-20-id=144.gm",
        "randomgame-16000-10-1-20-id=145.gm",
        "randomgame-16000-10-1-20-id=146.gm",
        "randomgame-16000-10-1-20-id=147.gm",
        "randomgame-16000-10-1-20-id=148.gm",
        "randomgame-16000-10-1-20-id=149.gm",
        "randomgame-16000-10-1-20-id=15.gm",
        "randomgame-16000-10-1-20-id=150.gm",
        "randomgame-16000-10-1-20-id=151.gm",
        "randomgame-16000-10-1-20-id=152.gm",
        "randomgame-16000-10-1-20-id=153.gm",
        "randomgame-16000-10-1-20-id=154.gm",
        "randomgame-16000-10-1-20-id=155.gm",
        "randomgame-16000-10-1-20-id=156.gm",
        "randomgame-16000-10-1-20-id=157.gm",
        "randomgame-16000-10-1-20-id=158.gm",
        "randomgame-16000-10-1-20-id=159.gm",
        "randomgame-16000-10-1-20-id=16.gm",
        "randomgame-16000-10-1-20-id=160.gm",
        "randomgame-16000-10-1-20-id=161.gm",
        "randomgame-16000-10-1-20-id=162.gm",
        "randomgame-16000-10-1-20-id=163.gm",
        "randomgame-16000-10-1-20-id=164.gm",
        "randomgame-16000-10-1-20-id=165.gm",
        "randomgame-16000-10-1-20-id=166.gm",
        "randomgame-16000-10-1-20-id=167.gm",
        "randomgame-16000-10-1-20-id=168.gm",
        "randomgame-16000-10-1-20-id=169.gm",
        "randomgame-16000-10-1-20-id=17.gm",
        "randomgame-16000-10-1-20-id=170.gm",
        "randomgame-16000-10-1-20-id=171.gm",
        "randomgame-16000-10-1-20-id=172.gm",
        "randomgame-16000-10-1-20-id=173.gm",
        "randomgame-16000-10-1-20-id=174.gm",
        "randomgame-16000-10-1-20-id=175.gm",
        "randomgame-16000-10-1-20-id=176.gm",
        "randomgame-16000-10-1-20-id=177.gm",
        "randomgame-16000-10-1-20-id=178.gm",
        "randomgame-16000-10-1-20-id=179.gm",
        "randomgame-16000-10-1-20-id=18.gm",
        "randomgame-16000-10-1-20-id=180.gm",
        "randomgame-16000-10-1-20-id=181.gm",
        "randomgame-16000-10-1-20-id=182.gm",
        "randomgame-16000-10-1-20-id=183.gm",
        "randomgame-16000-10-1-20-id=184.gm",
        "randomgame-16000-10-1-20-id=185.gm",
        "randomgame-16000-10-1-20-id=186.gm",
        "randomgame-16000-10-1-20-id=187.gm",
        "randomgame-16000-10-1-20-id=188.gm",
        "randomgame-16000-10-1-20-id=189.gm",
        "randomgame-16000-10-1-20-id=19.gm",
        "randomgame-16000-10-1-20-id=190.gm",
        "randomgame-16000-10-1-20-id=191.gm",
        "randomgame-16000-10-1-20-id=192.gm",
        "randomgame-16000-10-1-20-id=193.gm",
        "randomgame-16000-10-1-20-id=194.gm",
        "randomgame-16000-10-1-20-id=195.gm",
        "randomgame-16000-10-1-20-id=196.gm",
        "randomgame-16000-10-1-20-id=197.gm",
        "randomgame-16000-10-1-20-id=198.gm",
        "randomgame-16000-10-1-20-id=199.gm",
        "randomgame-16000-10-1-20-id=2.gm",
        "randomgame-16000-10-1-20-id=20.gm",
        "randomgame-16000-10-1-20-id=21.gm",
        "randomgame-16000-10-1-20-id=22.gm",
        "randomgame-16000-10-1-20-id=23.gm",
        "randomgame-16000-10-1-20-id=24.gm",
        "randomgame-16000-10-1-20-id=25.gm",
        "randomgame-16000-10-1-20-id=26.gm",
        "randomgame-16000-10-1-20-id=27.gm",
        "randomgame-16000-10-1-20-id=28.gm",
        "randomgame-16000-10-1-20-id=29.gm",
        "randomgame-16000-10-1-20-id=3.gm",
        "randomgame-16000-10-1-20-id=30.gm",
        "randomgame-16000-10-1-20-id=31.gm",
        "randomgame-16000-10-1-20-id=32.gm",
        "randomgame-16000-10-1-20-id=33.gm",
        "randomgame-16000-10-1-20-id=34.gm",
        "randomgame-16000-10-1-20-id=35.gm",
        "randomgame-16000-10-1-20-id=36.gm",
        "randomgame-16000-10-1-20-id=37.gm",
        "randomgame-16000-10-1-20-id=38.gm",
        "randomgame-16000-10-1-20-id=39.gm",
        "randomgame-16000-10-1-20-id=4.gm",
        "randomgame-16000-10-1-20-id=40.gm",
        "randomgame-16000-10-1-20-id=41.gm",
        "randomgame-16000-10-1-20-id=42.gm",
        "randomgame-16000-10-1-20-id=43.gm",
        "randomgame-16000-10-1-20-id=44.gm",
        "randomgame-16000-10-1-20-id=45.gm",
        "randomgame-16000-10-1-20-id=46.gm",
        "randomgame-16000-10-1-20-id=47.gm",
        "randomgame-16000-10-1-20-id=48.gm",
        "randomgame-16000-10-1-20-id=49.gm",
        "randomgame-16000-10-1-20-id=5.gm",
        "randomgame-16000-10-1-20-id=50.gm",
        "randomgame-16000-10-1-20-id=51.gm",
        "randomgame-16000-10-1-20-id=52.gm",
        "randomgame-16000-10-1-20-id=53.gm",
        "randomgame-16000-10-1-20-id=54.gm",
        "randomgame-16000-10-1-20-id=55.gm",
        "randomgame-16000-10-1-20-id=56.gm",
        "randomgame-16000-10-1-20-id=57.gm",
        "randomgame-16000-10-1-20-id=58.gm",
        "randomgame-16000-10-1-20-id=59.gm",
        "randomgame-16000-10-1-20-id=6.gm",
        "randomgame-16000-10-1-20-id=60.gm",
        "randomgame-16000-10-1-20-id=61.gm",
        "randomgame-16000-10-1-20-id=62.gm",
        "randomgame-16000-10-1-20-id=63.gm",
        "randomgame-16000-10-1-20-id=64.gm",
        "randomgame-16000-10-1-20-id=65.gm",
        "randomgame-16000-10-1-20-id=66.gm",
        "randomgame-16000-10-1-20-id=67.gm",
        "randomgame-16000-10-1-20-id=68.gm",
        "randomgame-16000-10-1-20-id=69.gm",
        "randomgame-16000-10-1-20-id=7.gm",
        "randomgame-16000-10-1-20-id=70.gm",
        "randomgame-16000-10-1-20-id=71.gm",
        "randomgame-16000-10-1-20-id=72.gm",
        "randomgame-16000-10-1-20-id=73.gm",
        "randomgame-16000-10-1-20-id=74.gm",
        "randomgame-16000-10-1-20-id=75.gm",
        "randomgame-16000-10-1-20-id=76.gm",
        "randomgame-16000-10-1-20-id=77.gm",
        "randomgame-16000-10-1-20-id=78.gm",
        "randomgame-16000-10-1-20-id=79.gm",
        "randomgame-16000-10-1-20-id=8.gm",
        "randomgame-16000-10-1-20-id=80.gm",
        "randomgame-16000-10-1-20-id=81.gm",
        "randomgame-16000-10-1-20-id=82.gm",
        "randomgame-16000-10-1-20-id=83.gm",
        "randomgame-16000-10-1-20-id=84.gm",
        "randomgame-16000-10-1-20-id=85.gm",
        "randomgame-16000-10-1-20-id=86.gm",
        "randomgame-16000-10-1-20-id=87.gm",
        "randomgame-16000-10-1-20-id=88.gm",
        "randomgame-16000-10-1-20-id=89.gm",
        "randomgame-16000-10-1-20-id=9.gm",
        "randomgame-16000-10-1-20-id=90.gm",
        "randomgame-16000-10-1-20-id=91.gm",
        "randomgame-16000-10-1-20-id=92.gm",
        "randomgame-16000-10-1-20-id=93.gm",
        "randomgame-16000-10-1-20-id=94.gm",
        "randomgame-16000-10-1-20-id=95.gm",
        "randomgame-16000-10-1-20-id=96.gm",
        "randomgame-16000-10-1-20-id=97.gm",
        "randomgame-16000-10-1-20-id=98.gm",
        "randomgame-16000-10-1-20-id=99.gm",
        "randomgame-20000-10-1-20-id=0.gm",
        "randomgame-20000-10-1-20-id=1.gm",
        "randomgame-20000-10-1-20-id=10.gm",
        "randomgame-20000-10-1-20-id=100.gm",
        "randomgame-20000-10-1-20-id=101.gm",
        "randomgame-20000-10-1-20-id=102.gm",
        "randomgame-20000-10-1-20-id=103.gm",
        "randomgame-20000-10-1-20-id=104.gm",
        "randomgame-20000-10-1-20-id=105.gm",
        "randomgame-20000-10-1-20-id=106.gm",
        "randomgame-20000-10-1-20-id=107.gm",
        "randomgame-20000-10-1-20-id=108.gm",
        "randomgame-20000-10-1-20-id=109.gm",
        "randomgame-20000-10-1-20-id=11.gm",
        "randomgame-20000-10-1-20-id=110.gm",
        "randomgame-20000-10-1-20-id=111.gm",
        "randomgame-20000-10-1-20-id=112.gm",
        "randomgame-20000-10-1-20-id=113.gm",
        "randomgame-20000-10-1-20-id=114.gm",
        "randomgame-20000-10-1-20-id=115.gm",
        "randomgame-20000-10-1-20-id=116.gm",
        "randomgame-20000-10-1-20-id=117.gm",
        "randomgame-20000-10-1-20-id=118.gm",
        "randomgame-20000-10-1-20-id=119.gm",
        "randomgame-20000-10-1-20-id=12.gm",
        "randomgame-20000-10-1-20-id=120.gm",
        "randomgame-20000-10-1-20-id=121.gm",
        "randomgame-20000-10-1-20-id=122.gm",
        "randomgame-20000-10-1-20-id=123.gm",
        "randomgame-20000-10-1-20-id=124.gm",
        "randomgame-20000-10-1-20-id=125.gm",
        "randomgame-20000-10-1-20-id=126.gm",
        "randomgame-20000-10-1-20-id=127.gm",
        "randomgame-20000-10-1-20-id=128.gm",
        "randomgame-20000-10-1-20-id=129.gm",
        "randomgame-20000-10-1-20-id=13.gm",
        "randomgame-20000-10-1-20-id=130.gm",
        "randomgame-20000-10-1-20-id=131.gm",
        "randomgame-20000-10-1-20-id=132.gm",
        "randomgame-20000-10-1-20-id=133.gm",
        "randomgame-20000-10-1-20-id=134.gm",
        "randomgame-20000-10-1-20-id=135.gm",
        "randomgame-20000-10-1-20-id=136.gm",
        "randomgame-20000-10-1-20-id=137.gm",
        "randomgame-20000-10-1-20-id=138.gm",
        "randomgame-20000-10-1-20-id=139.gm",
        "randomgame-20000-10-1-20-id=14.gm",
        "randomgame-20000-10-1-20-id=140.gm",
        "randomgame-20000-10-1-20-id=141.gm",
        "randomgame-20000-10-1-20-id=142.gm",
        "randomgame-20000-10-1-20-id=143.gm",
        "randomgame-20000-10-1-20-id=144.gm",
        "randomgame-20000-10-1-20-id=145.gm",
        "randomgame-20000-10-1-20-id=146.gm",
        "randomgame-20000-10-1-20-id=147.gm",
        "randomgame-20000-10-1-20-id=148.gm",
        "randomgame-20000-10-1-20-id=149.gm",
        "randomgame-20000-10-1-20-id=15.gm",
        "randomgame-20000-10-1-20-id=150.gm",
        "randomgame-20000-10-1-20-id=151.gm",
        "randomgame-20000-10-1-20-id=152.gm",
        "randomgame-20000-10-1-20-id=153.gm",
        "randomgame-20000-10-1-20-id=154.gm",
        "randomgame-20000-10-1-20-id=155.gm",
        "randomgame-20000-10-1-20-id=156.gm",
        "randomgame-20000-10-1-20-id=157.gm",
        "randomgame-20000-10-1-20-id=158.gm",
        "randomgame-20000-10-1-20-id=159.gm",
        "randomgame-20000-10-1-20-id=16.gm",
        "randomgame-20000-10-1-20-id=160.gm",
        "randomgame-20000-10-1-20-id=161.gm",
        "randomgame-20000-10-1-20-id=162.gm",
        "randomgame-20000-10-1-20-id=163.gm",
        "randomgame-20000-10-1-20-id=164.gm",
        "randomgame-20000-10-1-20-id=165.gm",
        "randomgame-20000-10-1-20-id=166.gm",
        "randomgame-20000-10-1-20-id=167.gm",
        "randomgame-20000-10-1-20-id=168.gm",
        "randomgame-20000-10-1-20-id=169.gm",
        "randomgame-20000-10-1-20-id=17.gm",
        "randomgame-20000-10-1-20-id=170.gm",
        "randomgame-20000-10-1-20-id=171.gm",
        "randomgame-20000-10-1-20-id=172.gm",
        "randomgame-20000-10-1-20-id=173.gm",
        "randomgame-20000-10-1-20-id=174.gm",
        "randomgame-20000-10-1-20-id=175.gm",
        "randomgame-20000-10-1-20-id=176.gm",
        "randomgame-20000-10-1-20-id=177.gm",
        "randomgame-20000-10-1-20-id=178.gm",
        "randomgame-20000-10-1-20-id=179.gm",
        "randomgame-20000-10-1-20-id=18.gm",
        "randomgame-20000-10-1-20-id=180.gm",
        "randomgame-20000-10-1-20-id=181.gm",
        "randomgame-20000-10-1-20-id=182.gm",
        "randomgame-20000-10-1-20-id=183.gm",
        "randomgame-20000-10-1-20-id=184.gm",
        "randomgame-20000-10-1-20-id=185.gm",
        "randomgame-20000-10-1-20-id=186.gm",
        "randomgame-20000-10-1-20-id=187.gm",
        "randomgame-20000-10-1-20-id=188.gm",
        "randomgame-20000-10-1-20-id=189.gm",
        "randomgame-20000-10-1-20-id=19.gm",
        "randomgame-20000-10-1-20-id=190.gm",
        "randomgame-20000-10-1-20-id=191.gm",
        "randomgame-20000-10-1-20-id=192.gm",
        "randomgame-20000-10-1-20-id=193.gm",
        "randomgame-20000-10-1-20-id=194.gm",
        "randomgame-20000-10-1-20-id=195.gm",
        "randomgame-20000-10-1-20-id=196.gm",
        "randomgame-20000-10-1-20-id=197.gm",
        "randomgame-20000-10-1-20-id=198.gm",
        "randomgame-20000-10-1-20-id=199.gm",
        "randomgame-20000-10-1-20-id=2.gm",
        "randomgame-20000-10-1-20-id=20.gm",
        "randomgame-20000-10-1-20-id=21.gm",
        "randomgame-20000-10-1-20-id=22.gm",
        "randomgame-20000-10-1-20-id=23.gm",
        "randomgame-20000-10-1-20-id=24.gm",
        "randomgame-20000-10-1-20-id=25.gm",
        "randomgame-20000-10-1-20-id=26.gm",
        "randomgame-20000-10-1-20-id=27.gm",
        "randomgame-20000-10-1-20-id=28.gm",
        "randomgame-20000-10-1-20-id=29.gm",
        "randomgame-20000-10-1-20-id=3.gm",
        "randomgame-20000-10-1-20-id=30.gm",
        "randomgame-20000-10-1-20-id=31.gm",
        "randomgame-20000-10-1-20-id=32.gm",
        "randomgame-20000-10-1-20-id=33.gm",
        "randomgame-20000-10-1-20-id=34.gm",
        "randomgame-20000-10-1-20-id=35.gm",
        "randomgame-20000-10-1-20-id=36.gm",
        "randomgame-20000-10-1-20-id=37.gm",
        "randomgame-20000-10-1-20-id=38.gm",
        "randomgame-20000-10-1-20-id=39.gm",
        "randomgame-20000-10-1-20-id=4.gm",
        "randomgame-20000-10-1-20-id=40.gm",
        "randomgame-20000-10-1-20-id=41.gm",
        "randomgame-20000-10-1-20-id=42.gm",
        "randomgame-20000-10-1-20-id=43.gm",
        "randomgame-20000-10-1-20-id=44.gm",
        "randomgame-20000-10-1-20-id=45.gm",
        "randomgame-20000-10-1-20-id=46.gm",
        "randomgame-20000-10-1-20-id=47.gm",
        "randomgame-20000-10-1-20-id=48.gm",
        "randomgame-20000-10-1-20-id=49.gm",
        "randomgame-20000-10-1-20-id=5.gm",
        "randomgame-20000-10-1-20-id=50.gm",
        "randomgame-20000-10-1-20-id=51.gm",
        "randomgame-20000-10-1-20-id=52.gm",
        "randomgame-20000-10-1-20-id=53.gm",
        "randomgame-20000-10-1-20-id=54.gm",
        "randomgame-20000-10-1-20-id=55.gm",
        "randomgame-20000-10-1-20-id=56.gm",
        "randomgame-20000-10-1-20-id=57.gm",
        "randomgame-20000-10-1-20-id=58.gm",
        "randomgame-20000-10-1-20-id=59.gm",
        "randomgame-20000-10-1-20-id=6.gm",
        "randomgame-20000-10-1-20-id=60.gm",
        "randomgame-20000-10-1-20-id=61.gm",
        "randomgame-20000-10-1-20-id=62.gm",
        "randomgame-20000-10-1-20-id=63.gm",
        "randomgame-20000-10-1-20-id=64.gm",
        "randomgame-20000-10-1-20-id=65.gm",
        "randomgame-20000-10-1-20-id=66.gm",
        "randomgame-20000-10-1-20-id=67.gm",
        "randomgame-20000-10-1-20-id=68.gm",
        "randomgame-20000-10-1-20-id=69.gm",
        "randomgame-20000-10-1-20-id=7.gm",
        "randomgame-20000-10-1-20-id=70.gm",
        "randomgame-20000-10-1-20-id=71.gm",
        "randomgame-20000-10-1-20-id=72.gm",
        "randomgame-20000-10-1-20-id=73.gm",
        "randomgame-20000-10-1-20-id=74.gm",
        "randomgame-20000-10-1-20-id=75.gm",
        "randomgame-20000-10-1-20-id=76.gm",
        "randomgame-20000-10-1-20-id=77.gm",
        "randomgame-20000-10-1-20-id=78.gm",
        "randomgame-20000-10-1-20-id=79.gm",
        "randomgame-20000-10-1-20-id=8.gm",
        "randomgame-20000-10-1-20-id=80.gm",
        "randomgame-20000-10-1-20-id=81.gm",
        "randomgame-20000-10-1-20-id=82.gm",
        "randomgame-20000-10-1-20-id=83.gm",
        "randomgame-20000-10-1-20-id=84.gm",
        "randomgame-20000-10-1-20-id=85.gm",
        "randomgame-20000-10-1-20-id=86.gm",
        "randomgame-20000-10-1-20-id=87.gm",
        "randomgame-20000-10-1-20-id=88.gm",
        "randomgame-20000-10-1-20-id=89.gm",
        "randomgame-20000-10-1-20-id=9.gm",
        "randomgame-20000-10-1-20-id=90.gm",
        "randomgame-20000-10-1-20-id=91.gm",
        "randomgame-20000-10-1-20-id=92.gm",
        "randomgame-20000-10-1-20-id=93.gm",
        "randomgame-20000-10-1-20-id=94.gm",
        "randomgame-20000-10-1-20-id=95.gm",
        "randomgame-20000-10-1-20-id=96.gm",
        "randomgame-20000-10-1-20-id=97.gm",
        "randomgame-20000-10-1-20-id=98.gm",
        "randomgame-20000-10-1-20-id=99.gm",
        "randomgame-4000-10-1-20-id=0.gm",
        "randomgame-4000-10-1-20-id=1.gm",
        "randomgame-4000-10-1-20-id=10.gm",
        "randomgame-4000-10-1-20-id=100.gm",
        "randomgame-4000-10-1-20-id=101.gm",
        "randomgame-4000-10-1-20-id=102.gm",
        "randomgame-4000-10-1-20-id=103.gm",
        "randomgame-4000-10-1-20-id=104.gm",
        "randomgame-4000-10-1-20-id=105.gm",
        "randomgame-4000-10-1-20-id=106.gm",
        "randomgame-4000-10-1-20-id=107.gm",
        "randomgame-4000-10-1-20-id=108.gm",
        "randomgame-4000-10-1-20-id=109.gm",
        "randomgame-4000-10-1-20-id=11.gm",
        "randomgame-4000-10-1-20-id=110.gm",
        "randomgame-4000-10-1-20-id=111.gm",
        "randomgame-4000-10-1-20-id=112.gm",
        "randomgame-4000-10-1-20-id=113.gm",
        "randomgame-4000-10-1-20-id=114.gm",
        "randomgame-4000-10-1-20-id=115.gm",
        "randomgame-4000-10-1-20-id=116.gm",
        "randomgame-4000-10-1-20-id=117.gm",
        "randomgame-4000-10-1-20-id=118.gm",
        "randomgame-4000-10-1-20-id=119.gm",
        "randomgame-4000-10-1-20-id=12.gm",
        "randomgame-4000-10-1-20-id=120.gm",
        "randomgame-4000-10-1-20-id=121.gm",
        "randomgame-4000-10-1-20-id=122.gm",
        "randomgame-4000-10-1-20-id=123.gm",
        "randomgame-4000-10-1-20-id=124.gm",
        "randomgame-4000-10-1-20-id=125.gm",
        "randomgame-4000-10-1-20-id=126.gm",
        "randomgame-4000-10-1-20-id=127.gm",
        "randomgame-4000-10-1-20-id=128.gm",
        "randomgame-4000-10-1-20-id=129.gm",
        "randomgame-4000-10-1-20-id=13.gm",
        "randomgame-4000-10-1-20-id=130.gm",
        "randomgame-4000-10-1-20-id=131.gm",
        "randomgame-4000-10-1-20-id=132.gm",
        "randomgame-4000-10-1-20-id=133.gm",
        "randomgame-4000-10-1-20-id=134.gm",
        "randomgame-4000-10-1-20-id=135.gm",
        "randomgame-4000-10-1-20-id=136.gm",
        "randomgame-4000-10-1-20-id=137.gm",
        "randomgame-4000-10-1-20-id=138.gm",
        "randomgame-4000-10-1-20-id=139.gm",
        "randomgame-4000-10-1-20-id=14.gm",
        "randomgame-4000-10-1-20-id=140.gm",
        "randomgame-4000-10-1-20-id=141.gm",
        "randomgame-4000-10-1-20-id=142.gm",
        "randomgame-4000-10-1-20-id=143.gm",
        "randomgame-4000-10-1-20-id=144.gm",
        "randomgame-4000-10-1-20-id=145.gm",
        "randomgame-4000-10-1-20-id=146.gm",
        "randomgame-4000-10-1-20-id=147.gm",
        "randomgame-4000-10-1-20-id=148.gm",
        "randomgame-4000-10-1-20-id=149.gm",
        "randomgame-4000-10-1-20-id=15.gm",
        "randomgame-4000-10-1-20-id=150.gm",
        "randomgame-4000-10-1-20-id=151.gm",
        "randomgame-4000-10-1-20-id=152.gm",
        "randomgame-4000-10-1-20-id=153.gm",
        "randomgame-4000-10-1-20-id=154.gm",
        "randomgame-4000-10-1-20-id=155.gm",
        "randomgame-4000-10-1-20-id=156.gm",
        "randomgame-4000-10-1-20-id=157.gm",
        "randomgame-4000-10-1-20-id=158.gm",
        "randomgame-4000-10-1-20-id=159.gm",
        "randomgame-4000-10-1-20-id=16.gm",
        "randomgame-4000-10-1-20-id=160.gm",
        "randomgame-4000-10-1-20-id=161.gm",
        "randomgame-4000-10-1-20-id=162.gm",
        "randomgame-4000-10-1-20-id=163.gm",
        "randomgame-4000-10-1-20-id=164.gm",
        "randomgame-4000-10-1-20-id=165.gm",
        "randomgame-4000-10-1-20-id=166.gm",
        "randomgame-4000-10-1-20-id=167.gm",
        "randomgame-4000-10-1-20-id=168.gm",
        "randomgame-4000-10-1-20-id=169.gm",
        "randomgame-4000-10-1-20-id=17.gm",
        "randomgame-4000-10-1-20-id=170.gm",
        "randomgame-4000-10-1-20-id=171.gm",
        "randomgame-4000-10-1-20-id=172.gm",
        "randomgame-4000-10-1-20-id=173.gm",
        "randomgame-4000-10-1-20-id=174.gm",
        "randomgame-4000-10-1-20-id=175.gm",
        "randomgame-4000-10-1-20-id=176.gm",
        "randomgame-4000-10-1-20-id=177.gm",
        "randomgame-4000-10-1-20-id=178.gm",
        "randomgame-4000-10-1-20-id=179.gm",
        "randomgame-4000-10-1-20-id=18.gm",
        "randomgame-4000-10-1-20-id=180.gm",
        "randomgame-4000-10-1-20-id=181.gm",
        "randomgame-4000-10-1-20-id=182.gm",
        "randomgame-4000-10-1-20-id=183.gm",
        "randomgame-4000-10-1-20-id=184.gm",
        "randomgame-4000-10-1-20-id=185.gm",
        "randomgame-4000-10-1-20-id=186.gm",
        "randomgame-4000-10-1-20-id=187.gm",
        "randomgame-4000-10-1-20-id=188.gm",
        "randomgame-4000-10-1-20-id=189.gm",
        "randomgame-4000-10-1-20-id=19.gm",
        "randomgame-4000-10-1-20-id=190.gm",
        "randomgame-4000-10-1-20-id=191.gm",
        "randomgame-4000-10-1-20-id=192.gm",
        "randomgame-4000-10-1-20-id=193.gm",
        "randomgame-4000-10-1-20-id=194.gm",
        "randomgame-4000-10-1-20-id=195.gm",
        "randomgame-4000-10-1-20-id=196.gm",
        "randomgame-4000-10-1-20-id=197.gm",
        "randomgame-4000-10-1-20-id=198.gm",
        "randomgame-4000-10-1-20-id=199.gm",
        "randomgame-4000-10-1-20-id=2.gm",
        "randomgame-4000-10-1-20-id=20.gm",
        "randomgame-4000-10-1-20-id=21.gm",
        "randomgame-4000-10-1-20-id=22.gm",
        "randomgame-4000-10-1-20-id=23.gm",
        "randomgame-4000-10-1-20-id=24.gm",
        "randomgame-4000-10-1-20-id=25.gm",
        "randomgame-4000-10-1-20-id=26.gm",
        "randomgame-4000-10-1-20-id=27.gm",
        "randomgame-4000-10-1-20-id=28.gm",
        "randomgame-4000-10-1-20-id=29.gm",
        "randomgame-4000-10-1-20-id=3.gm",
        "randomgame-4000-10-1-20-id=30.gm",
        "randomgame-4000-10-1-20-id=31.gm",
        "randomgame-4000-10-1-20-id=32.gm",
        "randomgame-4000-10-1-20-id=33.gm",
        "randomgame-4000-10-1-20-id=34.gm",
        "randomgame-4000-10-1-20-id=35.gm",
        "randomgame-4000-10-1-20-id=36.gm",
        "randomgame-4000-10-1-20-id=37.gm",
        "randomgame-4000-10-1-20-id=38.gm",
        "randomgame-4000-10-1-20-id=39.gm",
        "randomgame-4000-10-1-20-id=4.gm",
        "randomgame-4000-10-1-20-id=40.gm",
        "randomgame-4000-10-1-20-id=41.gm",
        "randomgame-4000-10-1-20-id=42.gm",
        "randomgame-4000-10-1-20-id=43.gm",
        "randomgame-4000-10-1-20-id=44.gm",
        "randomgame-4000-10-1-20-id=45.gm",
        "randomgame-4000-10-1-20-id=46.gm",
        "randomgame-4000-10-1-20-id=47.gm",
        "randomgame-4000-10-1-20-id=48.gm",
        "randomgame-4000-10-1-20-id=49.gm",
        "randomgame-4000-10-1-20-id=5.gm",
        "randomgame-4000-10-1-20-id=50.gm",
        "randomgame-4000-10-1-20-id=51.gm",
        "randomgame-4000-10-1-20-id=52.gm",
        "randomgame-4000-10-1-20-id=53.gm",
        "randomgame-4000-10-1-20-id=54.gm",
        "randomgame-4000-10-1-20-id=55.gm",
        "randomgame-4000-10-1-20-id=56.gm",
        "randomgame-4000-10-1-20-id=57.gm",
        "randomgame-4000-10-1-20-id=58.gm",
        "randomgame-4000-10-1-20-id=59.gm",
        "randomgame-4000-10-1-20-id=6.gm",
        "randomgame-4000-10-1-20-id=60.gm",
        "randomgame-4000-10-1-20-id=61.gm",
        "randomgame-4000-10-1-20-id=62.gm",
        "randomgame-4000-10-1-20-id=63.gm",
        "randomgame-4000-10-1-20-id=64.gm",
        "randomgame-4000-10-1-20-id=65.gm",
        "randomgame-4000-10-1-20-id=66.gm",
        "randomgame-4000-10-1-20-id=67.gm",
        "randomgame-4000-10-1-20-id=68.gm",
        "randomgame-4000-10-1-20-id=69.gm",
        "randomgame-4000-10-1-20-id=7.gm",
        "randomgame-4000-10-1-20-id=70.gm",
        "randomgame-4000-10-1-20-id=71.gm",
        "randomgame-4000-10-1-20-id=72.gm",
        "randomgame-4000-10-1-20-id=73.gm",
        "randomgame-4000-10-1-20-id=74.gm",
        "randomgame-4000-10-1-20-id=75.gm",
        "randomgame-4000-10-1-20-id=76.gm",
        "randomgame-4000-10-1-20-id=77.gm",
        "randomgame-4000-10-1-20-id=78.gm",
        "randomgame-4000-10-1-20-id=79.gm",
        "randomgame-4000-10-1-20-id=8.gm",
        "randomgame-4000-10-1-20-id=80.gm",
        "randomgame-4000-10-1-20-id=81.gm",
        "randomgame-4000-10-1-20-id=82.gm",
        "randomgame-4000-10-1-20-id=83.gm",
        "randomgame-4000-10-1-20-id=84.gm",
        "randomgame-4000-10-1-20-id=85.gm",
        "randomgame-4000-10-1-20-id=86.gm",
        "randomgame-4000-10-1-20-id=87.gm",
        "randomgame-4000-10-1-20-id=88.gm",
        "randomgame-4000-10-1-20-id=89.gm",
        "randomgame-4000-10-1-20-id=9.gm",
        "randomgame-4000-10-1-20-id=90.gm",
        "randomgame-4000-10-1-20-id=91.gm",
        "randomgame-4000-10-1-20-id=92.gm",
        "randomgame-4000-10-1-20-id=93.gm",
        "randomgame-4000-10-1-20-id=94.gm",
        "randomgame-4000-10-1-20-id=95.gm",
        "randomgame-4000-10-1-20-id=96.gm",
        "randomgame-4000-10-1-20-id=97.gm",
        "randomgame-4000-10-1-20-id=98.gm",
        "randomgame-4000-10-1-20-id=99.gm",
        "randomgame-8000-10-1-20-id=0.gm",
        "randomgame-8000-10-1-20-id=1.gm",
        "randomgame-8000-10-1-20-id=10.gm",
        "randomgame-8000-10-1-20-id=100.gm",
        "randomgame-8000-10-1-20-id=101.gm",
        "randomgame-8000-10-1-20-id=102.gm",
        "randomgame-8000-10-1-20-id=103.gm",
        "randomgame-8000-10-1-20-id=104.gm",
        "randomgame-8000-10-1-20-id=105.gm",
        "randomgame-8000-10-1-20-id=106.gm",
        "randomgame-8000-10-1-20-id=107.gm",
        "randomgame-8000-10-1-20-id=108.gm",
        "randomgame-8000-10-1-20-id=109.gm",
        "randomgame-8000-10-1-20-id=11.gm",
        "randomgame-8000-10-1-20-id=110.gm",
        "randomgame-8000-10-1-20-id=111.gm",
        "randomgame-8000-10-1-20-id=112.gm",
        "randomgame-8000-10-1-20-id=113.gm",
        "randomgame-8000-10-1-20-id=114.gm",
        "randomgame-8000-10-1-20-id=115.gm",
        "randomgame-8000-10-1-20-id=116.gm",
        "randomgame-8000-10-1-20-id=117.gm",
        "randomgame-8000-10-1-20-id=118.gm",
        "randomgame-8000-10-1-20-id=119.gm",
        "randomgame-8000-10-1-20-id=12.gm",
        "randomgame-8000-10-1-20-id=120.gm",
        "randomgame-8000-10-1-20-id=121.gm",
        "randomgame-8000-10-1-20-id=122.gm",
        "randomgame-8000-10-1-20-id=123.gm",
        "randomgame-8000-10-1-20-id=124.gm",
        "randomgame-8000-10-1-20-id=125.gm",
        "randomgame-8000-10-1-20-id=126.gm",
        "randomgame-8000-10-1-20-id=127.gm",
        "randomgame-8000-10-1-20-id=128.gm",
        "randomgame-8000-10-1-20-id=129.gm",
        "randomgame-8000-10-1-20-id=13.gm",
        "randomgame-8000-10-1-20-id=130.gm",
        "randomgame-8000-10-1-20-id=131.gm",
        "randomgame-8000-10-1-20-id=132.gm",
        "randomgame-8000-10-1-20-id=133.gm",
        "randomgame-8000-10-1-20-id=134.gm",
        "randomgame-8000-10-1-20-id=135.gm",
        "randomgame-8000-10-1-20-id=136.gm",
        "randomgame-8000-10-1-20-id=137.gm",
        "randomgame-8000-10-1-20-id=138.gm",
        "randomgame-8000-10-1-20-id=139.gm",
        "randomgame-8000-10-1-20-id=14.gm",
        "randomgame-8000-10-1-20-id=140.gm",
        "randomgame-8000-10-1-20-id=141.gm",
        "randomgame-8000-10-1-20-id=142.gm",
        "randomgame-8000-10-1-20-id=143.gm",
        "randomgame-8000-10-1-20-id=144.gm",
        "randomgame-8000-10-1-20-id=145.gm",
        "randomgame-8000-10-1-20-id=146.gm",
        "randomgame-8000-10-1-20-id=147.gm",
        "randomgame-8000-10-1-20-id=148.gm",
        "randomgame-8000-10-1-20-id=149.gm",
        "randomgame-8000-10-1-20-id=15.gm",
        "randomgame-8000-10-1-20-id=150.gm",
        "randomgame-8000-10-1-20-id=151.gm",
        "randomgame-8000-10-1-20-id=152.gm",
        "randomgame-8000-10-1-20-id=153.gm",
        "randomgame-8000-10-1-20-id=154.gm",
        "randomgame-8000-10-1-20-id=155.gm",
        "randomgame-8000-10-1-20-id=156.gm",
        "randomgame-8000-10-1-20-id=157.gm",
        "randomgame-8000-10-1-20-id=158.gm",
        "randomgame-8000-10-1-20-id=159.gm",
        "randomgame-8000-10-1-20-id=16.gm",
        "randomgame-8000-10-1-20-id=160.gm",
        "randomgame-8000-10-1-20-id=161.gm",
        "randomgame-8000-10-1-20-id=162.gm",
        "randomgame-8000-10-1-20-id=163.gm",
        "randomgame-8000-10-1-20-id=164.gm",
        "randomgame-8000-10-1-20-id=165.gm",
        "randomgame-8000-10-1-20-id=166.gm",
        "randomgame-8000-10-1-20-id=167.gm",
        "randomgame-8000-10-1-20-id=168.gm",
        "randomgame-8000-10-1-20-id=169.gm",
        "randomgame-8000-10-1-20-id=17.gm",
        "randomgame-8000-10-1-20-id=170.gm",
        "randomgame-8000-10-1-20-id=171.gm",
        "randomgame-8000-10-1-20-id=172.gm",
        "randomgame-8000-10-1-20-id=173.gm",
        "randomgame-8000-10-1-20-id=174.gm",
        "randomgame-8000-10-1-20-id=175.gm",
        "randomgame-8000-10-1-20-id=176.gm",
        "randomgame-8000-10-1-20-id=177.gm",
        "randomgame-8000-10-1-20-id=178.gm",
        "randomgame-8000-10-1-20-id=179.gm",
        "randomgame-8000-10-1-20-id=18.gm",
        "randomgame-8000-10-1-20-id=180.gm",
        "randomgame-8000-10-1-20-id=181.gm",
        "randomgame-8000-10-1-20-id=182.gm",
        "randomgame-8000-10-1-20-id=183.gm",
        "randomgame-8000-10-1-20-id=184.gm",
        "randomgame-8000-10-1-20-id=185.gm",
        "randomgame-8000-10-1-20-id=186.gm",
        "randomgame-8000-10-1-20-id=187.gm",
        "randomgame-8000-10-1-20-id=188.gm",
        "randomgame-8000-10-1-20-id=189.gm",
        "randomgame-8000-10-1-20-id=19.gm",
        "randomgame-8000-10-1-20-id=190.gm",
        "randomgame-8000-10-1-20-id=191.gm",
        "randomgame-8000-10-1-20-id=192.gm",
        "randomgame-8000-10-1-20-id=193.gm",
        "randomgame-8000-10-1-20-id=194.gm",
        "randomgame-8000-10-1-20-id=195.gm",
        "randomgame-8000-10-1-20-id=196.gm",
        "randomgame-8000-10-1-20-id=197.gm",
        "randomgame-8000-10-1-20-id=198.gm",
        "randomgame-8000-10-1-20-id=199.gm",
        "randomgame-8000-10-1-20-id=2.gm",
        "randomgame-8000-10-1-20-id=20.gm",
        "randomgame-8000-10-1-20-id=21.gm",
        "randomgame-8000-10-1-20-id=22.gm",
        "randomgame-8000-10-1-20-id=23.gm",
        "randomgame-8000-10-1-20-id=24.gm",
        "randomgame-8000-10-1-20-id=25.gm",
        "randomgame-8000-10-1-20-id=26.gm",
        "randomgame-8000-10-1-20-id=27.gm",
        "randomgame-8000-10-1-20-id=28.gm",
        "randomgame-8000-10-1-20-id=29.gm",
        "randomgame-8000-10-1-20-id=3.gm",
        "randomgame-8000-10-1-20-id=30.gm",
        "randomgame-8000-10-1-20-id=31.gm",
        "randomgame-8000-10-1-20-id=32.gm",
        "randomgame-8000-10-1-20-id=33.gm",
        "randomgame-8000-10-1-20-id=34.gm",
        "randomgame-8000-10-1-20-id=35.gm",
        "randomgame-8000-10-1-20-id=36.gm",
        "randomgame-8000-10-1-20-id=37.gm",
        "randomgame-8000-10-1-20-id=38.gm",
        "randomgame-8000-10-1-20-id=39.gm",
        "randomgame-8000-10-1-20-id=4.gm",
        "randomgame-8000-10-1-20-id=40.gm",
        "randomgame-8000-10-1-20-id=41.gm",
        "randomgame-8000-10-1-20-id=42.gm",
        "randomgame-8000-10-1-20-id=43.gm",
        "randomgame-8000-10-1-20-id=44.gm",
        "randomgame-8000-10-1-20-id=45.gm",
        "randomgame-8000-10-1-20-id=46.gm",
        "randomgame-8000-10-1-20-id=47.gm",
        "randomgame-8000-10-1-20-id=48.gm",
        "randomgame-8000-10-1-20-id=49.gm",
        "randomgame-8000-10-1-20-id=5.gm",
        "randomgame-8000-10-1-20-id=50.gm",
        "randomgame-8000-10-1-20-id=51.gm",
        "randomgame-8000-10-1-20-id=52.gm",
        "randomgame-8000-10-1-20-id=53.gm",
        "randomgame-8000-10-1-20-id=54.gm",
        "randomgame-8000-10-1-20-id=55.gm",
        "randomgame-8000-10-1-20-id=56.gm",
        "randomgame-8000-10-1-20-id=57.gm",
        "randomgame-8000-10-1-20-id=58.gm",
        "randomgame-8000-10-1-20-id=59.gm",
        "randomgame-8000-10-1-20-id=6.gm",
        "randomgame-8000-10-1-20-id=60.gm",
        "randomgame-8000-10-1-20-id=61.gm",
        "randomgame-8000-10-1-20-id=62.gm",
        "randomgame-8000-10-1-20-id=63.gm",
        "randomgame-8000-10-1-20-id=64.gm",
        "randomgame-8000-10-1-20-id=65.gm",
        "randomgame-8000-10-1-20-id=66.gm",
        "randomgame-8000-10-1-20-id=67.gm",
        "randomgame-8000-10-1-20-id=68.gm",
        "randomgame-8000-10-1-20-id=69.gm",
        "randomgame-8000-10-1-20-id=7.gm",
        "randomgame-8000-10-1-20-id=70.gm",
        "randomgame-8000-10-1-20-id=71.gm",
        "randomgame-8000-10-1-20-id=72.gm",
        "randomgame-8000-10-1-20-id=73.gm",
        "randomgame-8000-10-1-20-id=74.gm",
        "randomgame-8000-10-1-20-id=75.gm",
        "randomgame-8000-10-1-20-id=76.gm",
        "randomgame-8000-10-1-20-id=77.gm",
        "randomgame-8000-10-1-20-id=78.gm",
        "randomgame-8000-10-1-20-id=79.gm",
        "randomgame-8000-10-1-20-id=8.gm",
        "randomgame-8000-10-1-20-id=80.gm",
        "randomgame-8000-10-1-20-id=81.gm",
        "randomgame-8000-10-1-20-id=82.gm",
        "randomgame-8000-10-1-20-id=83.gm",
        "randomgame-8000-10-1-20-id=84.gm",
        "randomgame-8000-10-1-20-id=85.gm",
        "randomgame-8000-10-1-20-id=86.gm",
        "randomgame-8000-10-1-20-id=87.gm",
        "randomgame-8000-10-1-20-id=88.gm",
        "randomgame-8000-10-1-20-id=89.gm",
        "randomgame-8000-10-1-20-id=9.gm",
        "randomgame-8000-10-1-20-id=90.gm",
        "randomgame-8000-10-1-20-id=91.gm",
        "randomgame-8000-10-1-20-id=92.gm",
        "randomgame-8000-10-1-20-id=93.gm",
        "randomgame-8000-10-1-20-id=94.gm",
        "randomgame-8000-10-1-20-id=95.gm",
        "randomgame-8000-10-1-20-id=96.gm",
        "randomgame-8000-10-1-20-id=97.gm",
        "randomgame-8000-10-1-20-id=98.gm",
        "randomgame-8000-10-1-20-id=99.gm"
    ],
    "errors": []
}